feature1,feature2,feature3,feature4,feature5,feature6,label
2.0531125266800925,-1.0856815060089082,-0.29288633313710466,-0.4151748168126892,2.0155831736200724,-0.1701796665065516,1
-0.4776473112341707,1.580693002050848,0.4023535681758008,-0.08752966971909548,-0.24943897951322302,-1.2780584791178016,0
-1.609375043736055,2.0234734914951034,0.729746252962284,0.5143823174222686,-1.0057084537764505,-0.614236618548697,0
1.6650282864319847,0.8066791156248181,0.846796164900449,-1.2702879274495678,1.1601001833143765,-1.381109755914747,2
0.007743274575679138,-2.6213350090690994,-0.1730372648262306,0.977522254541384,0.2427274396761474,0.4540138017167675,2
0.5989015694792503,-1.2857231121673054,-1.580334129241016,-0.936964121484738,-0.6035539637531888,0.18465277590460072,1
1.967877250214417,-1.7944720693186773,-0.7726312262397679,-1.01643945809034,1.0250855568108066,-0.378295274261212,2
1.5011148595008819,0.06721153205540453,0.06428741277841254,-0.02185814705360234,2.0494561807735963,0.060608835674933005,1
4.076963087830155,0.2595246017202737,2.2062550442575573,-4.0557089059794045,1.2811361265374495,0.5070812587595488,1
0.15135108232436711,-2.4663663651520054,1.212016527676657,0.3956322269680552,-0.13552410695452366,0.9775680321615458,1
-3.32270924048113,-2.937129326970605,0.5711751272398532,5.0242986507853935,-0.033877453251164535,-1.2915111010958051,1
1.0399146376196824,-0.7338854395585268,-2.6599833786509084,-0.6595033842187623,0.4680348315253504,1.5683392760301245,1
-0.18967617540413767,0.31894680893783556,-2.613745908833655,0.6829484858218395,0.568483287447645,0.05662845181217025,2
-1.1740872312943667,-0.910430107222358,-0.6512744036023634,-0.3546609445902694,-2.2763197413074683,0.22987220812393777,0
0.9442692495736278,0.19486553443202803,1.0435866898660946,0.11183376954913848,1.4767038664718752,0.13309373513678405,2
2.061185342216074,-1.096493242628503,-1.384954961234762,-1.6461980896076205,0.689092882480739,0.23320596398520743,1
1.1407624512814794,-0.15313436098690048,-1.6564192633311365,-1.659194869758831,-0.28778790168729795,1.0499842925713831,1
1.631030778664771,-2.077537235680338,-0.8221420327318749,-0.626350521429098,0.897010366410445,-0.09843898615563221,0
2.006893644813892,-0.3567091380884786,1.9296716936862903,-1.0699129738060162,1.48270948486343,-0.9033434862969979,2
-3.2133678035375053,0.12619866854818362,1.5609420298540684,2.29459251461785,-1.8674499762135701,0.6714806010069174,0
-0.2592614909133908,-1.492936969775968,2.291287113490134,0.6721400478345256,-0.08813109235400995,1.2431834372143582,1
-0.335845496702013,0.12020576186528276,0.5945566694256476,1.9547574649350126,1.692745943889261,1.540785811994749,1
-0.8092213678823683,-2.4373885227439476,1.6257238674003172,1.6988708601264,-0.029834433241091585,-0.9017815867008206,1
-0.1585017235328101,0.3324266165863641,-1.5042901160927713,-1.908028464827702,-2.179347124452817,0.8647446916408404,0
-1.7160778862210662,0.47650722712637084,0.6328152311780161,1.5575590111116768,-0.5107937955147983,-1.6550629923331868,0
-4.911248862530585,0.06749763128692576,-0.8157627106095697,3.7540598441704542,-2.6391711496438264,-0.6278832144417893,0
-0.5514536064242087,-3.2619807915875816,1.7454647567346646,1.8385556337711813,0.2148985202467536,0.7579053961110119,1
0.5374288895051806,1.0329760037778648,-1.5509596528310228,0.3881328325018576,1.4721794701906892,-1.0656997173554419,2
-0.14288448051418984,0.157135785206429,-0.7069317866000586,0.15065577649624196,0.014042693565916808,1.0871951843953045,1
-0.34607094752794487,-1.7999683745684791,0.13606323924580632,0.5176177024577457,-0.47854885646533707,-0.7054256480791758,1
1.9016305445368455,0.16955095570712309,0.3757456994690349,-0.5746952798557883,2.0330080533829014,0.5871376842128475,1
0.6281216945429817,-2.473011664900265,0.1125662038675973,-0.1589935475914308,-0.08941695246197856,-0.21795205326864608,2
-0.7818229197433041,0.6201547114064248,-0.2774408513821329,1.5550640407736869,0.8049968693271415,0.7490898442530696,2
0.4849684780614745,-0.618719902418031,0.7759244331383853,0.9568759252633876,1.5052870869974022,1.2720589823398831,1
0.8923988970678658,-1.1608805618081464,-1.5290654955820977,-3.16969111702194,-2.5749922170078814,-0.8466117091333288,0
5.088081670647293,-2.7307963732255134,-5.170027573487646,-4.9667795119245906,0.7110243997273716,-0.08456299914380815,1
0.6545801295633703,-0.07996354546479978,0.8628580787687715,0.9480815164900913,1.8971377044759525,-0.596395217935485,1
0.3003393035535804,1.5124365538944518,-0.8923998216956424,1.4355157507789242,2.4327445432452883,0.20944693229641737,2
-3.676683679512942,0.5395360600900723,-0.4652486151694277,1.9208620418993259,-2.7825577837847977,-1.1859110092328462,0
3.4993344895591196,-1.3011414944369721,-1.7990556343348287,-2.492795636510138,1.6742880294107723,-0.21754074858394365,1
-2.347282312335833,-3.3880387692207967,2.9328557194263816,2.827607933754371,-1.2061094386664104,0.1694418308596864,1
2.3195172992676025,-0.253473538510524,-2.645085318754357,-1.2970515939395466,1.6791719316415834,0.5623166206232582,2
0.7153128144328483,-1.1431458486212978,-1.0816471225571536,-1.2959886525171753,-0.7855723441711528,-0.8662269480072499,0
0.6272079562905765,-2.2119199991864855,-0.282690060622516,0.6670855795950554,0.8821867266265575,-1.030014575863108,2
-3.3955579653252035,0.12600487865779764,3.3266821841813545,1.3774557853847913,-3.1004021978745167,0.264644005121289,0
-0.0608229310011591,-0.6715210053416287,-1.1014910266171287,-0.8325346610400138,-1.197694919260551,3.495877789600099,1
-0.22973797797557705,1.4628783136045684,0.25867596900771206,1.7685108233476572,2.0569046815482093,1.0742676129098663,1
-4.10602509673283,0.36498472884146826,1.0243068234487196,2.6137456449091583,-2.6698583087999923,0.41886474740898055,2
-0.02587315687998193,-1.8907440215754197,3.0968053501175534,0.1905163215036969,-0.41120903042757195,-1.3495488481743696,1
0.555702179352827,-1.3309935942369626,2.723406955276084,0.7025053818215883,1.111101846097522,-0.6498214781408206,2
-0.7983543257071876,1.3928198292841323,0.5077001363999605,0.4939985497156094,-0.11814641165377737,2.0458172880882857,0
2.376595691763062,2.381400528597722,1.6016674831474165,-1.8764693798691225,1.9752776378171129,-0.9657574156062594,2
2.7738523269226443,2.3129440451494983,0.401426666844799,-2.124903897758867,2.2236765807784966,0.1339599071656446,2
0.27597216726946994,-2.969892321862215,0.6011207313324409,1.0272686519557974,0.5566467831346606,0.042482538923175224,1
2.280121439340904,-1.9735965155690909,-1.257201188640848,-1.9970905696877481,0.33432631948121605,-0.8658664371290591,0
0.15148265994597754,-0.5805157393809068,0.006933995864226716,1.7841453895045767,1.952165567139841,-0.6927314644886842,1
1.8935156562904591,-0.4212008353423372,-1.803707363141767,-2.7401067442611993,-0.5113868423160873,-0.2548998448684591,0
-3.917001918232346,-0.21842514509840338,0.7709608265421275,2.930708131349049,-2.2532916908633855,-0.04820608148706246,0
1.9443863799976402,-1.3747285929428315,-1.9954507954011353,-1.7411630241346352,0.3371029316397042,-0.24091124509361989,1
1.8136335092338491,-1.5221210544856607,-1.9212230250951146,-1.747490754924008,0.10555898313008272,0.2859186604759825,1
1.1590939526256445,0.5206765204323205,-1.0004023257952812,0.4070040347614743,2.183524160339327,-2.924925179196677,2
0.24908944433131697,-0.07250807739843879,-0.42257942796410264,1.4287299860131477,1.8594754599046386,1.459107157301978,1
-2.356559965718114,-0.5077772706621559,1.3290344875132412,1.6030253630073168,-1.6434611324726045,0.3631193416713573,2
-1.7095149323143972,1.2887770440466688,0.5824100542176536,0.8224467505247847,-1.0410749503639363,-0.42251273442204323,0
-0.14711315003620073,-0.2015775021833438,0.3285983390406755,1.3409812815806257,1.185557515167519,-0.30742344459825993,1
2.5203800119459157,0.9229127074190202,1.7775528259123705,-1.7214259704020658,1.8819654895023263,-1.110652196249686,2
0.8958278056224009,0.27469531531807667,-1.392044182093887,-0.2009839414956942,1.0881142226785578,-0.6722782721875988,2
-2.7330400169911693,0.9661727383459404,0.8785001941457069,1.7100825949229366,-1.5812682091924888,0.771038919953255,0
3.467784053993152,-1.2978721154878818,-1.3363999741554216,-1.92283949660241,2.249717394945052,0.7460881195396843,1
2.3644493096011523,0.3706934211791313,1.1407560971313528,-1.6929273528385962,1.5237241037022153,0.4486131033181622,2
1.086148842307455,0.3064783994743121,-2.0544810112914442,-3.5367007813165077,-2.2479057903554187,-1.2062713092828017,0
4.660530363194332,-1.8844064532196914,-1.6851557655024314,-2.289156196802753,3.2986708129459315,0.18494228287440923,1
-0.3148134440259681,1.264592270060166,2.4414604108604845,-0.9961023738046055,-1.099701000763813,1.4935827693088695,0
1.7713445020377057,0.239141146048512,0.8200690238825319,-1.827101508894796,0.525561567648188,-0.4300992037619455,2
3.0396038242913965,-0.9432041628616656,-2.687425528074458,-2.5783506688808653,1.0624413526507508,-1.5456501396999585,1
1.1242602924407952,-0.5298457567351911,-3.477363415253404,-1.2444084954790664,0.012332503431039976,-0.044764807386507684,1
0.1140386923429535,-4.077018430452339,0.4880842992058321,1.6976193365494252,0.7113741212101381,-0.6199341874048961,0
-0.06824736009617416,1.8106866567020188,-0.36352679952151234,0.6870181043483863,1.216095474275327,0.31353796728351535,2
2.10120571506857,0.21268326303787877,1.8893609150099961,-1.9929757816687699,0.7930897005020008,-0.5706713486133254,2
1.5808916262204082,-1.575572860820008,0.38691011679193865,-0.10475868265704447,1.554308459325474,-1.689058449328896,1
-0.6823460969677497,0.6569064377004923,0.555141181211481,1.9575695598546168,1.390577783804283,-0.3242360108482005,2
1.3676873550342115,0.8183134478632897,-1.838763449312788,0.12617627582880675,2.255445138607509,1.108788382475365,2
-2.4316456800117927,-2.412278332744642,1.3904203037238387,3.1460946467295394,-0.6769628594850452,1.3466658228367874,1
0.6829699499025663,0.19933654138564472,-1.2118902476752913,1.345578529878344,2.4449567485171544,0.5726081079140996,2
1.3246345561987642,0.34088577693103117,-0.35926484723539065,0.2599526407021464,2.1969699794500843,-1.840329036234172,1
-1.1901668999054447,0.28704173439268876,-1.1637715601743717,-1.1537698492756254,-2.787522474258981,1.4798860999138403,0
5.205281831134826,-3.95550028710507,-3.219967962477981,-4.261697536819187,1.2559259569675854,1.6165704941174162,1
-0.23223123310841554,-2.6220367033202345,2.909025172379269,1.177871220149615,0.14298803953082162,-0.1586166770513216,1
-2.132949533029893,0.46588324575786644,0.7376929475202008,1.2746481348732948,-1.3891229336713193,-0.3665010555121015,0
-2.366725407401786,0.8736143819451587,1.943772475871727,0.4953507740484768,-2.417759874526073,0.4261195264046615,0
1.0869106732162863,0.6565299500087911,-0.3832836143971843,1.3235968205418343,3.1201243851432676,1.219503568712245,1
0.8412402196370521,-0.38236583155088577,0.6472589697324631,-0.13723381611977004,0.8840008429807411,0.06231564543053688,1
-3.080217486784605,0.3623350756868987,-0.09527724287926231,2.3861507401178295,-1.5188675427242293,-0.16809346596524435,0
-2.821791128842573,2.1721190811636877,-1.2759579851706913,-0.31341544724077,-3.518246843705955,0.8328993285973896,0
-2.347329231600207,0.535756331348858,0.2745000075778329,1.5186607218024686,-1.398398055980634,2.11087263702428,0
2.14052740508621,-0.58488382778051,1.8900557398434092,-1.41237263693596,1.223593870302526,-0.6166050540454969,2
-1.4751562428215381,-1.113396491027915,-1.8525694714503111,2.004270042768068,-0.20791995840413602,0.6480883646604091,2
1.8433879321379973,-0.5055005116620082,0.8316696382168599,-0.6291347634321311,1.6843843631350897,0.33014261578907306,1
-2.0199513501913953,0.07313609820257472,1.5163923440382028,0.6961736229616633,-1.9798918920165023,0.00276183588393645,0
0.33784140769793725,2.531941252762941,2.0855151696684824,-0.2334933105258905,1.0127811223024947,0.11924332929589004,0
1.8711814874880282,-0.52500229698563,0.37005881007864794,-0.8177623334073002,1.5106721954554818,1.269678839602134,1
0.3745726481293089,4.392493290977399,0.25811188798575013,-0.7446879746058106,1.087883272918257,1.8822922338341885,0
0.06808770898521266,-0.5482195792477944,-1.067365484800735,-0.863558268600048,-1.0161612803558793,-0.9962320562225203,0
-1.2673898152711196,1.2845484524796622,-0.03804312513933428,0.44622731892492584,-0.8469600599609037,-0.042335658198237126,0
-2.0756001069675936,-1.8282573350471774,0.6757912849893133,3.368192466767861,0.2302177701673569,0.7225885016201056,1
0.25343475917972,-1.5037304881174602,-0.8872388098886254,-1.1840069989458744,-1.408367024782124,-0.26899450730334135,0
1.8705723556396583,0.24861236001017684,-1.8239472744064873,-1.965572956179602,0.5042405727667656,-1.3535598561343933,0
1.0386140015634457,-1.1240761879768841,-2.0756391773635174,-1.317557770071656,-0.3648826903862503,0.953671678165781,1
2.0051541250894673,-0.4336924948223102,-2.764036278311191,-1.065425350430814,1.4426669250640767,0.9262443215248913,1
-1.2767674442419326,1.2890152755629005,3.162609667534975,-0.02870534254509849,-1.3589352519249536,0.661422784083347,0
-1.4428471631513018,-0.47410092280604066,0.7491942489197985,2.5191445345611876,0.6033787478036234,-2.488562261791484,1
0.22980831759377318,0.6047412192931885,-1.1155705630265371,0.8194830299431051,1.3849304003133125,-1.0317170119335606,1
-1.0085901962753052,2.082741544265253,0.18105003837153122,0.5627078745527869,-0.1158865275856491,1.765709266450403,0
2.4970472808117385,0.4300849186642337,-0.028784072692666696,-1.2581888544251072,2.1886833865963298,0.8943678872123748,1
-1.8351240244649252,1.694228743668714,-0.46693434084647367,1.280879360041931,-0.5942902769206724,0.7941400600761793,0
-0.13434091570864537,-3.0135948498700995,-0.2890496216584313,-0.7018754933267173,-1.8893450464942394,-0.3253628783514149,0
1.2163144908444745,-1.060639875400683,0.5480618359873415,0.665738365453848,2.0507037559002512,-0.4735712337713081,1
-3.5801811323404076,-0.07110083337025319,0.6374956432124688,2.6826547690043556,-2.015154038159216,0.17367664613852624,0
-0.9808660195710546,-3.4195748693468744,0.4365373181479413,1.5075255497217124,-0.7842310228446445,0.14993167006339106,0
0.240610265443647,-2.870973367494315,0.8172823932796933,0.5383365623096668,0.012034286410777417,0.8560592234970398,1
-2.4177600718575802,-1.0945734084238528,-0.271615273453246,0.204013876627813,-3.4289745921884003,0.9557079561210825,0
3.5640075328238643,-2.50708966581191,-2.0071641592225107,-2.045516142580261,1.8663527838092424,-0.7290791631026989,1
-0.9884261909386463,1.2482977619055227,1.3747543242081286,0.18355557403256062,-0.7553009442374461,-0.39231476873390336,0
0.15774889071784326,0.6550575142454935,-0.44990127052004314,1.4121325480327565,1.9450753039780553,-0.35884641691291935,2
1.706717239375482,1.1404220891647394,-1.7673862860478695,0.06736930999144697,2.7567316595579934,0.03240144136967392,2
-2.6804949865550505,1.416849284680934,0.8894176090440906,1.4462510158314572,-1.652894458230546,-0.8988606069585929,0
-1.167805016764273,-3.052772146144041,-0.09225066664168513,-0.7126092503960844,-3.3250050035372998,1.0276776748010317,0
2.323494059540016,-0.35259433103688365,-1.8973256073197304,-2.7904744450151218,0.043071384792830125,0.6170301703206962,0
-0.4641344166954777,-1.7050171978208724,1.3382234609176566,1.3797757882457033,0.3259784041376609,-0.8343641789960169,1
2.6406463665739284,-0.6804379975221821,-0.8062187266040719,-1.1099724848384935,2.193291135125908,1.137706202714778,1
0.5006685444376741,0.4591148691580742,-1.097480818571344,0.3069441891938418,1.1557883393841595,-0.004824621905130248,1
-0.3610425546383107,0.2881153333116855,-2.372650832397449,0.741135079088084,0.3883793278594674,0.7576628729399759,2
0.8608624974789678,1.1583296045029954,-0.04208667787636666,0.6183963100316476,2.2082574326817093,0.3118141834772605,2
-0.1334631905144772,-1.1596953021936378,0.3201440052597547,1.7231812729028744,1.3161867081697274,-1.6646097350337665,1
5.086190811627208,-1.8179322478388829,-1.775083026528808,-2.633059382880405,3.52946859650553,-1.085456076896216,1
-1.927929860959884,-2.3893285100137787,1.4694001479914949,3.2310889169205943,0.11084584528591712,-1.877442885236109,1
1.2940992638782571,-3.353712287188926,-0.681460175440922,-1.9106258895500687,-1.3511073638349822,2.407377583931219,0
0.28350050722128334,-1.0302852684477233,-0.6119816870847727,0.11383063248770764,0.18452101690404732,-1.4397742131100844,1
-3.1142707999868406,1.1199594764900023,0.030366986280679797,2.6980212087532305,-0.9900902174801036,-0.510334983207748,0
-5.51951867902255,-0.38957981920280504,-0.49097753241256603,3.821429819127165,-3.5400390852639854,0.2560548642832593,0
-4.083413488413985,-0.9552299017499424,1.645705016541484,1.9983054880623792,-3.7159711657307533,0.9481214391006447,0
3.7930448510402157,0.848018468034998,0.0207081201705015,-2.2571943107330883,3.0122650387496934,-0.4203951223616271,1
0.4870874247995278,-2.918411059960361,-0.7233314197138393,-2.1195872169219325,-2.5433277002719588,0.25178770689393903,0
-2.541506425752859,0.05366317474683058,0.20291354578975462,4.064486580486529,0.9347596425421294,-1.524415338120977,1
2.939719620757682,-1.6638360569254158,1.9006264737449223,-2.714829252147723,0.5701060095166476,-0.14634235365483608,2
1.274903502717905,-0.577141563243217,-1.3966345104967046,-1.5134719228233977,-0.07915958020870639,1.1953361180028157,0
1.289365012200026,-4.7561245468164195,-0.008089536792749819,-0.7437555640540368,-0.5347935741744557,0.933783912872343,0
0.44130396954634477,-0.1957158522618383,-0.9796537556699835,1.9339666559798527,2.6271271129162943,-0.4167026002343339,2
1.955478710734341,-1.4668275191701543,0.4421804143096113,-1.4964036324501917,0.5972762685797437,-0.5045524370842177,2
-1.585907003372401,1.8751333996148052,0.02875300356146815,1.9951348365623869,0.5766874244312943,-1.7783509672653808,0
2.189226683719161,-0.31594542728330743,2.4002992323302426,-2.0738639438790623,0.6620022514195749,-0.5347156078106451,2
0.2972853603938607,-0.8235322286861904,-0.9757605181370095,-0.6706753712576086,-0.5806258889595598,-0.488597581992664,0
3.3586269765405694,-1.207660523590051,0.2785562339371346,-0.9100639964018837,3.2292526914060695,-0.5572803003627007,1
-1.2154322840581704,0.09421915305062745,-1.0558840366467617,1.2251779931714184,-0.312232282486669,1.7198462111025852,2
-1.8515018299523802,0.7900777589932549,-0.9082999570383861,0.952983892350246,-1.2565558565626536,2.289805797460459,0
-0.9627374399705252,2.8262045561452274,-1.0598720434557793,0.41247356606454677,0.013112392573551901,-1.2500684892063942,0
2.328122150483799,-1.4691763829161788,1.2788313280691312,-1.4957570498424593,1.1098317989907958,0.08635531550037072,2
-0.908789740075419,-0.2013819555276739,0.4006199358056608,2.5260067262442534,1.4250183472649791,1.2749891193000438,1
1.8142827071814225,1.2866892227196702,-2.5066537431144527,-3.764357405147523,-1.1925808963127393,1.1532385785452397,0
-2.4170527627238076,-0.43882405864172536,1.1045894293522365,1.3981809049730618,-1.92665688370676,-0.9393267378659398,0
2.752102635488863,-1.1760605114754956,-1.906438880914442,-3.575985063963609,-0.4783211255000617,0.4436139226821785,0
0.8986821928793679,1.4199788564968798,-0.7735511418380673,0.9764535529959479,2.7260637914344237,-0.7805400982293256,2
-1.090389958021891,-2.104100376537302,2.809095364836957,2.1982152894746476,0.2345905022773297,1.763557440006718,1
-2.9899238429905877,1.7877544597654653,-0.06817527955406111,2.492695751114122,-0.8326197168946281,-0.5609352142237467,0
2.099843706084407,2.61703311569189,-0.3331423131003237,0.28877580242743583,4.002546015140288,-1.7187508928621646,1
-3.254324617702736,-0.9218979695163034,1.9151163065244439,2.1666393974652145,-2.3894099315480606,-0.9049146520560105,0
-2.20614357960056,-3.078047313139179,1.8800732935353304,3.0782004050189684,-0.6492548595801118,0.597731708113624,1
-0.8706255919622233,-1.6327223952792074,0.6780603896991767,1.7660802320440476,0.20783435895513924,0.6975866003471783,1
-0.1269447698896703,2.007755198165449,-0.5541727662751874,0.663063185885962,1.1711314238043755,1.0331185153998403,2
-1.4092021869200448,-2.241269461333472,0.9511292845330304,2.5195717438820697,0.09566429127906206,-0.9731153602213203,1
-0.1887057880962787,1.4144570418845954,1.0875290260766488,0.5283140391773247,0.761247006737368,1.075393445646077,0
1.0110910265307727,-2.6114081003940766,-0.6079814612251689,-0.7770713373969691,-0.2799571997268404,-0.44272505218466185,0
-2.7151771935655926,-1.0652781518959946,2.425593206191708,1.1665729754877807,-2.7759014651695457,-0.6549459608026902,0
2.1902933455873876,-0.1629814941848704,-0.917256403049777,0.1182146095310741,3.0666157908032714,-1.4568378693933226,1
-0.24290935392448243,-2.2070444482911267,1.5528198278340366,1.432032680190657,0.5279845031712918,1.4990344046594257,1
-2.1914295952251828,-0.07580465278516801,-0.6581201068242015,-0.09593932240514413,-3.1252466861321215,1.8823618585134785,0
-0.6706971813271451,2.02172259517756,0.11825239036433466,0.88503182060143,0.674738918801157,-0.8814336084580743,2
1.0219372436599587,0.1136010427983476,-1.3241538298886706,0.15749707139533897,1.5974192859055638,-1.9334411067859811,1
-1.760422284259108,1.2435490020941138,2.335529052233693,1.3412340347042562,-0.5575678667354682,-0.2202546014960882,0
1.414863611958325,-0.7850386959282761,-1.702639961362752,-3.1574706239413572,-1.7303411482505684,1.002085216590409,0
-0.8649424903253271,-3.8149506929522383,1.4653630389377916,1.7234607272496971,-0.5126569388290396,-0.002166453227886297,1
0.7753653750938652,0.8430260389881932,-0.46118607082030927,0.9230968097406805,2.3199123109704276,-0.13404658325719543,1
3.0001311982978436,0.6098252721075157,3.7693710904704134,-2.769650234342236,1.3147607776972723,-0.35349544620168666,2
1.9265439749308821,-0.9923072000365909,0.25392372456475776,-1.2123068125353325,1.0129154250704608,-0.4642210974332259,2
1.7356803219001475,-0.46060988820092263,0.31873637024727375,-0.9442197947892066,1.208880440914437,-0.5821115937904281,2
0.28064892411314374,-0.9251219367178295,0.8530848537216705,0.2521568803968085,0.368804599909512,1.6261427987831114,1
-0.15309763530786136,-1.1137445471147915,-0.8572420621789033,-0.8202882627274095,-1.4485044419288853,0.5032846688166488,0
-0.4773483178915474,1.2269760979480424,0.7533888529580515,1.5984966430190268,1.4626597550038858,0.13315121142428596,2
0.4515183142474537,-1.2354989215728078,0.877044321899241,-0.22576970994343504,-0.011327170014640231,-1.2960236202513922,1
0.8691865008195755,-1.986714642977608,0.9082812028823625,-0.6508283959196772,-0.13543350385625086,1.2999740467257528,1
3.291945195287473,0.6958431794658891,-2.153564999591423,0.7514207221498426,5.521260727836516,0.5373156575442041,2
-0.014993282657063178,1.7163994666244051,1.6122229741702503,-0.2922153287758791,0.20913601688816508,2.136559128802725,0
0.31670393980039646,1.1264500637863035,-1.8654676940239892,0.5847672865980799,1.411041969259593,-1.7827047434480237,2
-0.5061737133284148,-0.5958237645982689,-0.14417230574861106,1.8721925003851456,1.1430050780250176,2.1056770663406312,1
-0.6285557207310083,0.6881027666201396,-1.1469177085361584,1.3620397050290824,0.8239000001544623,-0.4746977696370589,2
1.070840053840937,-1.2589294349219093,-2.018743264002239,-1.861111635412528,-0.950158482182822,1.6101715293786063,1
-1.2801013197170468,-0.6670500390928016,-0.9037656917788232,1.5082876419752678,-0.33325073508562686,0.10617496974650213,2
1.2471983819236252,-1.9691928791729816,1.008217970044623,-0.44955504333793983,0.6045565233766255,1.4567099500617942,2
1.147038084965268,-0.1877152307997283,0.6712003248504493,0.13913662764707135,1.6617435286870865,0.538806211751954,2
-2.9227035520405327,-1.2942395985327164,0.7894625175314348,4.4589322348358955,0.41886289166016877,-1.1284736297475466,1
0.7593133853444672,-0.21201279159874642,-1.1217555662259573,0.42577257320353645,1.4268195459988313,-0.8189966901586768,1
1.8829821700761171,0.38459035986516854,-2.0297579632393283,-2.735670920865814,-0.26882945696935057,-0.18317826890522865,0
2.048127109362132,2.003089804204042,0.5712566771574915,-1.7569968814372738,1.5325664560582923,1.4827147941724148,2
-0.842034313318325,1.253820495459991,0.971606111955561,1.8115160544586586,1.2036152956204118,0.36656575719312195,2
-0.626710165777366,1.644800518395463,0.17024237806537923,1.2329708769953815,0.9925720207373359,-0.9882688581768089,2
0.7989441200680547,-0.3303613817725246,-1.8278980841935466,1.1047658111870016,2.1745720043226795,-0.2714814676069348,2
2.7306895498570425,0.4511433048656266,-2.007832743202783,-1.9095522117683115,1.8032434985955192,0.3673886906306303,0
1.7394143732222607,-1.1960348183238705,0.9960783402480322,-0.09254891223173578,1.9057338231065106,-0.0489651890222238,1
-2.9502035735076193,0.6952706281782388,0.09853469887549005,1.805031770816038,-1.863632519680825,-0.7820238651074395,0
-1.4901270973334557,-1.0535424481898206,-0.3921379154100453,3.158195408915085,1.0426941118408628,-0.10412415422452258,1
-2.3193552414850602,-0.2137715684327155,-0.18632700780593625,1.808651440043933,-1.2840667460815958,-0.7631488231437142,0
-1.3603274895001034,-2.4193025083864104,1.2256075842078045,2.4762177345939413,0.060794872092638896,0.35034177922839693,1
-0.46254423872587225,1.0422831729288897,-1.6255809662887306,-1.7442064516112592,-2.195489569902596,1.3068740958752738,0
1.9200240920420402,-1.2375210993504415,-0.6179964519149667,-1.4322574672939736,0.6859816751787168,-1.4890003551239719,1
-0.3326202647945291,-2.4897992444273087,-0.2134343126231999,2.6287155208424497,1.6024380761167525,-0.33317166483092703,1
2.119439172801669,1.0275949058199974,0.9934015848140861,-1.6544267173474645,1.4361516674147474,0.21364588151247146,2
3.663477181401614,-1.0307877943814447,-2.451118557160821,-1.6159804339053827,2.9282044563361014,-2.590545973120058,1
2.2184068674287807,4.031089473749944,-1.3621572350142972,-0.6367076925618771,3.6048476646208885,1.4475869245124284,2
-2.0781945291476935,-1.7036523363671492,-1.1520365966140003,2.6929360037840953,-0.47081204968299906,-0.7385354255011861,2
-0.7965950004817175,-0.47664358224448133,-0.7760399242022907,-0.11885870838227619,-1.3698954433375334,1.6216000997663216,0
-1.0582711568032568,0.8326487634997397,-1.0519938486775073,0.996484414731167,-0.11257415056265252,1.2325248831179065,2
1.6590061870085642,3.244939807791967,-3.0265582798615664,-3.7224050870703445,-0.7465652914424725,0.6624810601645157,0
-2.2721256590425827,-2.4224605864746085,0.3063535722251487,1.1865252049443984,-2.583268689723623,0.2917303772534079,0
0.38515910539539444,0.05395431563621278,-1.7406897879996641,-0.7824206705867945,-0.30866618690401393,0.7828371647378921,1
-0.9992160049854385,-2.960260351898046,3.1659161816163333,1.2986307908675918,-0.8800750841936615,-0.33960163448836717,1
1.6129175902462696,1.162686940940758,-1.1633594855812261,0.710509782937812,3.3326571616242715,1.5689344956774955,2
1.8881854736600787,-2.8400743963348196,0.06980061104957702,-1.7245457850456938,-0.17386000570772397,-0.31778060433606964,1
1.7166685811679183,-0.7364013825383625,1.0691287500631428,-0.4470671022690659,1.6362883489675646,1.0479129691305784,1
2.4363080211611976,-0.3425342245801879,-1.7759028225757651,-2.1223583747679764,0.9226574091162432,1.4703207720364857,0
0.3954720618345626,0.016592967966293726,-2.385509863311315,1.5524845200627175,2.213552711793885,1.556049439477057,2
-5.370167084411209,0.4224590051174958,0.8241885300062713,3.2955332657608625,-3.643881694509601,-3.3868137614883,0
1.5471765542349016,-0.22219390465956934,-0.7851965831927235,-1.0845928549917563,0.8701491767121904,0.49317200320172117,2
-1.0442059007789086,0.32871090645575674,0.0940972194419587,2.1611180036540034,1.0110164603180538,0.5690792595356432,2
-0.1657563039867735,-2.595236465792938,2.3814998851427154,0.22431095061809447,-0.789921152658978,0.42709731679166757,1
1.7477996844384025,-0.936795057009589,0.5218820380585153,-1.5363708061431725,0.43700559973951403,-0.0486068948728155,2
0.06288809370205284,1.53948528261916,2.4238367220145816,-0.4775464002234584,0.06298612379557378,0.8011640198239227,0
1.8704805291125983,-0.18622913573456834,-0.526534693494398,-0.1453711091895067,2.33897513461051,0.8994350407557219,2
1.095183887056019,0.8260881244211304,-0.7806378943619432,0.9895176039077853,2.8222242372197854,0.4486897683389067,2
-1.1755526802514118,-0.207543930466341,-0.062360616362226784,0.8756017576017143,-0.7262512025730954,-1.323271023105105,1
-0.2812745418303473,-1.9198079945291981,0.4640307087385731,1.7047607302392,0.8561209338758133,1.2679221333318873,1
1.7188009737454906,0.598936018939193,-1.9287491529546075,-0.28303386751821646,2.224035171493396,-0.8313994672674534,1
2.04531272722278,0.16461065711854195,0.8591465963973104,-1.0725175830078597,1.69193628124618,0.4753660343472122,2
-0.7337815806082904,1.9488609043583511,0.9016941582178708,1.4980288976123668,1.230910157495439,-2.3216304066999154,2
2.0965364872814827,-0.0639354026609007,0.5233126676971104,-0.696408627131715,2.095172084343612,-0.9420659015623665,2
-2.2152482167039484,-3.373072094305522,2.7526996010784472,2.4500589157428445,-1.4295126196099535,0.0004212592371184664,1
-0.7218862271984259,-0.9611100049349484,-0.9269852446434725,-1.4645906169429006,-2.8742936102317995,-0.43396614207281087,0
1.754883023036443,-0.14811239588464986,-2.0712971171555132,-3.790893509005685,-1.751309861358545,1.2919466965668656,0
0.7222706661661826,-0.27678190364684174,-1.3361683231264203,-1.2244977634164183,-0.4277583541203883,1.9190008932186058,0
2.4056779313828676,-2.363565307528601,1.1822371490624342,-1.6193500427934646,0.8010724161195719,0.23632590272777546,2
-3.0310535671660888,-0.7970751505472906,-0.13119507061362234,0.7760980623901665,-3.5552290824324975,-0.7192433379629661,0
0.156070334367295,-1.6932602374190047,-2.0977106154254557,-0.8529354889758183,-1.2480384752886575,0.031022936999807037,1
0.35785359011805773,-4.20427208326875,3.416029308314364,-0.3820613252590206,-1.2305632225967607,1.3626170266133677,1
-2.2709883852852397,0.33056734800218623,-1.4759452511888471,1.731159063118587,-1.1357711153488665,0.5363778526017037,2
1.5298385098412752,-0.02634513133501859,-1.7677120833168019,-2.2761480683640354,-0.38310912957780163,-0.6662387242582275,0
1.6300391852577747,-1.7508149559467006,-0.26835564650664767,-1.5066243443393859,0.04946926974881716,1.3169588366867038,1
-0.5947729435984486,0.1240281163646878,0.917793753173809,1.9897177404325705,1.3790764603332464,-1.0173336567547735,2
0.16676100883326067,1.91786163932041,-2.4072864182213003,-0.360771674367075,0.43105789005232675,-1.4101410049803234,2
-1.5704350250577455,1.0572803376396378,1.6392038395921211,0.8720839860306191,-0.8659281126752104,0.4356749109059113,0
-1.3957661409562476,0.938866548758458,1.5611341154165388,0.22003141267520798,-1.369089044719374,0.3400593668608015,0
-0.07855846618578216,-0.04496408703721566,-0.6478982537332023,0.4970272167579184,0.41290908313573915,0.9034490360911002,1
-1.9794463043602137,-0.8439041705013726,-0.41344939937543923,0.1894327829647673,-2.767478264952759,0.8375078724832392,0
1.7510721679929537,1.2279026851499761,-2.1270237809770927,0.2481017920287354,3.0386659532355367,-1.0204045638322368,2
1.0276789474394716,-2.006683473310053,0.17691307564486602,-0.12697940804155206,0.6379733688440601,2.3003956426851713,2
-0.4925629044288019,-0.18770997733746597,-1.1070545851000209,-0.941359424595652,-1.7534446386057088,-1.2877754452982377,0
4.491865102213029,-2.276843591867277,-2.335760482317859,-3.2221718134164807,1.9344325864368213,-1.0987024773847005,1
-2.330059353283367,1.1945327976134668,0.38060665363583546,1.8970999512391846,-0.7586769528407213,-1.2875190260592986,0
0.9580960160073886,-0.4047311935721225,-0.23488085068246833,0.38414175101313,1.5964854390397778,-0.8366279292906311,1
-2.4475457464620707,0.830736725127427,-0.5677947577567413,1.7964876919034418,-1.1458963258028323,0.16105147859658853,2
1.7014554081543882,-3.138641650087565,-1.004154638362027,-0.5849597274872054,0.7040465431420758,1.337831020966117,2
2.1553538049720053,0.5588511415261235,-2.1046366281035214,-2.690875261349949,0.20626939873249261,-1.593717015351033,0
1.056759847925403,-1.1502678573858194,-0.8297051807492422,0.20102417275557438,1.2970706710410438,0.29837745260117915,0
2.1678620968476716,-2.4368275139727107,1.1668105799068953,-1.4599154428141234,0.6251962439885002,1.876173413227712,2
-0.8754578528715136,-1.5085047407559125,2.55090975643897,1.6009809541681124,0.06919999193819826,-1.3824599249460918,1
0.6056041250392881,0.5843930342620897,-0.6607217786217944,1.0761474302039062,2.171224063441886,-1.225767816757602,2
2.157018796047171,-0.6048717520177149,0.6611378751934508,-1.2200790925448535,1.4427889301723655,-1.3767297025036298,2
-1.7905159820914085,2.167915077741996,0.020330153986721444,1.5210653375607606,-0.12319265381082534,-0.32323796452209,0
-1.3145796920274506,-1.9286569858309328,-0.06933044082166884,0.9205255265376184,-1.4082563000069093,-0.26095483295925803,0
0.43917158683102175,-1.304404506657486,-1.2121873427766874,-2.2875545333106704,-2.285329461244637,0.17259410391486618,0
-0.6875969124252779,0.7200473247017869,-0.6317470692853924,1.6763908122244755,1.094837758738034,-1.6229275808300976,2
1.958139899686613,2.5928681084091143,-0.28269377939134,0.06257127690586395,3.557108352301458,-0.5083893712580683,2
0.30639004190624297,-3.6632110044858512,-0.16165006626984801,-0.6502549708362247,-1.4346961169277623,-0.46040661563924223,0
1.0834411908818387,2.064146762116729,1.3526383666172872,-1.1646227398116578,0.8762043095953209,0.0438749637607155,0
-0.5240019129373956,1.3857462099899809,1.3312860773140491,0.8454966619441551,0.6375524389977165,-1.3454848362522223,0
1.2053108892712177,0.39012702797614796,2.135728718577958,-0.5548284883996278,1.1788902647980384,-0.8474296921179458,2
2.009824075547664,1.7883991731786004,2.0638662778842836,-2.0609186299072255,1.0903017814273226,-0.2458499789779966,0
0.46759798622074533,0.04165478706621184,-1.2378303105644022,-0.06546999669064424,0.576627500994443,0.010175070741430444,1
-0.010578489177500094,-1.494032277640966,-0.6392589364924535,-0.2698604851665064,-0.7776602742352453,-0.33991450576921695,0
1.9827380965859613,-1.4278941717770421,2.038305538572377,-1.0143718806087514,1.1737305344000084,-0.3247734732791751,2
-3.624850749125251,-0.8177430274983384,0.8379154114403091,1.8799385835078157,-3.1770623666505196,0.22992646789343035,0
4.720470252926362,-3.095389901784474,-1.9106120429632836,-3.788313112285702,1.3799011557191845,0.4383825801284031,1
-1.8360887261553218,2.449564161153068,0.8123041268987734,1.3089841936054105,-0.3230488512388012,-1.0551784721031583,2
0.45438944715528984,-1.755576625651356,-0.6520588995327579,-0.24980736446659024,-0.2026664858046302,1.2706995850921912,0
0.7169300485648143,-1.9211861825824583,-0.6766720890860527,0.4887441552438623,0.9019186630391707,1.2914035482160082,2
0.7621198263171207,1.5046052413449766,-2.7771644809950944,-0.04694779870253507,1.4525887775842703,-0.8667229746284533,2
1.4488235148703696,1.9497493269845585,-1.8672089297332537,-0.2793018987747149,2.283505208302697,1.4776818779376781,2
1.7455769512993236,-0.9841247718637505,-2.742148579476225,-1.587176304731317,0.3514677344723337,-1.4634059584266885,1
1.6919793845716633,-0.3540721105803092,2.0299768206052375,-0.4498289143527665,1.7233779747641624,1.669228754640302,2
1.1817771330631845,1.565993460636711,0.8502341620718434,1.784172521059107,4.037763890586495,0.6157007293625533,2
-1.9867710042582072,1.4434426182547324,1.4427413542939416,1.7266745092608549,-0.3912665121632175,-0.7285450223200068,0
-0.5293144384565145,1.5730547662005223,0.009686992636823488,1.7961908603014165,1.7109748711913477,0.5770258266684529,2
-3.5216407149067646,1.1058199931591255,-0.05745156269402285,1.788581727780616,-2.5341219901220082,-0.5030805391046554,0
-0.24379748165683357,2.5509630705854236,0.2620566958848951,1.1549329411771432,1.7165546515267507,0.301420515516767,2
-2.613313349274173,1.207014194087302,1.0850942091135902,1.8916573716899707,-1.1450338562664224,-0.5589947278819981,0
3.1296819383326424,-2.2259227392528396,-0.8983490122853566,-1.9029131768439682,1.5194005778380775,-0.5491469770457174,1
-3.0788654671260165,0.10869620199230623,0.17604742174225319,2.3361538739750665,-1.649621883371244,0.5301913073429116,2
2.3201593216506367,0.027536229365495934,0.47722851248237164,-0.585763508716521,2.5488919118191324,0.4028217210829767,1
-0.5865816991084034,2.116591895381746,-0.9470398427559772,-0.010965945521356657,-0.15260008809129277,-0.701337191602714,0
2.1405918349752966,0.5356858617737337,-0.2847052803179715,-1.6264556537894213,1.3358104160744628,0.734218218708196,2
1.2094197354989935,-2.1586799541170665,1.5437716082030033,-0.20026475383180342,0.764813817323416,-0.22012368028997004,2
2.0023364003570947,-1.7274567710631714,1.0302627888386278,-1.2252685997335837,0.8746766502369666,-0.9244972092556034,2
0.6577913699387835,-0.6591760749475728,0.6015981472256167,0.2509808102362545,0.9655427625666901,0.7730133622538113,1
-1.8069628728946625,-1.9644794935698813,1.1296178480037127,3.2133784839309802,0.3891395821152037,-1.006979473446641,1
-4.095166586320593,0.5633769492543331,-0.49509464265585734,2.594930520744634,-2.6189769829008602,-0.09117423351856317,0
0.9403573410738497,-0.9157396434354788,-1.295850181568186,-0.6959842577794522,0.24077189610878458,-1.3140673085340397,1
0.019585909945834867,-1.3634745247119096,-1.1113056150492255,2.1042736838941076,1.867477357409309,0.054020726047489774,1
-2.171405297212496,-2.656021878164114,1.9982468687263628,2.8033039620105815,-0.765750873182117,0.11362445749432701,1
1.6579368119555604,-1.1576321371231302,-1.4207222786029292,-1.0939556243079906,0.7151788030852413,1.1145162842184595,1
-0.31937998332099315,-2.1664701675508953,-0.8252514103412866,-2.2784822280482677,-3.581516820544316,0.630815849144619,0
0.25827630251585254,0.5757192579407862,-2.250350261972663,0.7029764845034715,1.2844320535467957,-0.6607420360353083,2
0.6734591068735141,-0.7452486622192611,1.5237678926494205,0.2625981455599732,0.9760804611697762,0.4603298731798137,0
-0.678075059040175,2.1412003653479625,-0.6494343491597855,1.2146218662242858,1.0552286126648622,-0.9406448976409142,2
1.7844626324425747,-1.417517903144863,0.9792079031540616,-1.2618572658252796,0.6344939983603664,-1.4187085375474735,2
2.4315637452893526,-0.9866464565986759,1.2499413753068942,-1.7950348097617694,1.0793259106888162,-0.13388892656571572,1
-0.33162477122181977,-0.03900448202480811,2.3756539223773587,1.2607741731816158,0.9057725257716902,-0.7193199901295528,1
-2.4220118834826545,-1.3243318512625744,0.9030687343232882,3.8370132415736484,0.4223450277305497,-0.39643582943141487,1
1.7817808183895973,-1.1765018078794858,2.2412397798771693,-0.9674064320170525,1.0295386082415636,1.497368970934125,2
1.3985819238039428,-1.7111787512631953,3.4214277355222857,-1.0590461938902185,0.24349216415579777,-1.153623990282676,1
-0.9947810890046028,-2.2597496433441857,2.2558127027761463,1.7258582529694224,-0.1960554617751178,-0.7528447693857241,1
0.9576299731443697,-1.7601319555695965,1.2060326274665694,-0.19901394178860887,0.5458589088947631,0.33016684119296735,2
-2.5189687807691326,1.7003604978730193,-0.08759329480054667,1.7437984422709454,-1.0254691338934836,-1.2801253069331895,0
-2.59111561289353,0.8862331814224897,-1.7196299094669438,1.5954904730504071,-1.5463340384108302,0.09626077640338242,0
1.9552772519080874,-1.7294253274704174,-1.88705722015568,-1.427378851412964,0.5800031777484491,-0.8224315772548629,1
-1.254939661985061,-0.8334145856710076,1.6082351053385633,3.341766998424174,1.6393996700852673,0.2224341369699279,2
-1.7470000490195785,-0.5167116264186195,-0.612789102234522,-0.11109756607646926,-2.6724619027033087,0.15161882736063023,0
-0.07274918753320297,2.346560973557244,0.5116870698446142,-0.3356024998845877,0.2769173524036197,1.927569385178195,0
1.9259232359502074,-0.9595347245185759,-1.0882963508783043,-0.0866064546662293,2.2331978809604487,-1.5247054499878059,0
0.14262736538469922,-1.2163672948463176,1.3986649342388962,1.4645354081045636,1.4005491135739867,-0.02809031340802223,2
1.806379774694323,-1.3253526404342075,-0.4654672096318968,-0.7502751155503119,1.2404062361810593,-0.8039723988069778,1
1.1749607348541353,2.60558403801653,-0.008843983921069887,0.4890934561764302,2.952496339722171,1.42025693244196,2
-1.368610822961371,0.5655063556068478,-0.011973240713441413,0.29379834946848293,-1.375677261484162,1.0541286760189787,0
-0.5041763913147397,1.4585047157799225,0.6020961448054992,0.3376321573970016,0.1360085573504557,0.6820595085768006,0
1.5076983761853353,-1.6738128978546878,-2.0733173666595666,-2.1854587497215814,-0.8339537409284259,0.4172634478581861,1
1.677158668710637,-0.07372661588771035,1.162099768537624,-0.758504315331544,1.4543094274718709,-0.44876822448863096,2
-2.692682158807018,0.6015158899073086,1.1009032219976973,1.6773361734393237,-1.6751287241413901,0.1317198895343158,0
-1.0640676451370428,1.1074252821418629,-0.3417490307790447,0.872735628587758,-0.16511742861131207,-0.11224746695165881,0
1.326610074284651,-1.7632119779590876,0.17222865969976975,-0.12544065079374,1.1246522510542016,2.4344086332376818,2
-0.0173348645974456,-1.6762126557921735,-2.6756432865501347,1.4633793624848281,1.0203405538193813,-1.9584415421346377,2
-3.454347356741664,-0.4259388156234736,1.118750964989256,2.7403251954381007,-1.8904155873007813,-0.23989891708016095,1
0.5314647992081368,-0.9812648314163201,-1.3969357946561094,1.2633690896100567,1.7775990748045523,-0.14160981015580998,1
-0.1264024679922428,1.1570894818730229,-1.9202562546726414,0.4364832121180243,0.6546256978551862,0.35343086648641237,2
-0.06494064405222444,1.278730403758122,-0.6016745376020005,1.4164421902132056,1.8406221249401804,-1.8385068318025504,2
0.015164679968144856,-0.3171496560153797,-1.6468210525698321,1.3511530741917388,1.374334806377999,0.15552242595499616,2
1.0230580603572499,-1.1410645250818272,1.740154181537016,-0.1961291261789594,0.83489671625802,1.058504300451178,2
-0.43608553959532587,1.0284500827440444,1.37476654130501,0.3461733675910208,0.10626858794286886,0.21174971808112725,0
-0.9574683722357883,-0.061046245277535105,1.6819998172267139,0.736195326537425,-0.5259546059594185,0.34489700824991926,0
2.305234935068135,1.7624142345446705,-1.6361841414674116,0.5107733005635441,4.249624829591633,-0.2233505408837356,2
5.788883298013056,-2.79285533443924,-0.9146438436170834,-3.6402761784667232,3.0990193392496455,1.5832255296925064,1
0.9846412066643386,2.73727717175433,1.580865265617013,-0.8574300579341476,1.2852998577208692,-1.4438895774639133,0
-0.873550307491948,-1.406158596818573,1.1411064205263894,2.567942672014123,1.1430387343138941,-0.20892848687957735,1
-0.5787118176629281,-0.9425529326374102,-0.4364876867799867,0.23734291300123056,-0.8322780672928842,-0.5271213854151164,1
-4.0303532824704265,0.2193590695340597,2.4048125272892555,2.2039296130212835,-3.0494888911305913,0.7029537919068678,0
-0.693218979542571,-1.3080364163379148,-1.082236739057259,2.950357299612481,1.824760316454672,-0.025008706309041482,1
-0.7669693665743754,-0.1607686942079668,-0.9162816943374629,-0.2896194223056321,-1.4152270185878146,0.31206959779496757,0
0.6383755670457827,-1.611864954718428,-0.9877523452339058,-1.5033976632086787,-1.2616182507861693,-1.2802684093629393,0
0.8876585359707709,-1.5800898549830866,2.0418576853073667,-0.7139951556388553,-0.04630189867805168,0.2638517010739347,1
-2.344066523014374,-0.029229616878778675,4.058305351722346,0.6837583240201053,-2.458517421216148,-0.8859543132945961,0
1.2182078631727926,0.8355253958036455,2.232105404205452,0.3823424661752943,2.3491809795143395,0.9577897351368669,1
-1.3630824356786206,0.10098874638172872,2.643302721386685,0.8033476254982677,-0.9531604973050297,1.705642942525445,0
-0.6271436836304891,0.8110670928743817,-1.2174832622878204,0.9413825081065308,0.40973737943038524,-0.039004200618653756,2
0.2640296835811381,3.589191458757041,-0.9971764747974223,-0.7463772956825805,0.6778009988472952,-0.9729497793166654,2
2.205441811477238,-0.5561559415522646,-0.7297102113435368,-0.9081583115750398,1.855802658692465,0.6235221029507587,1
0.4770621975780812,-0.1806959587369774,0.8073965910543232,1.1127060862480835,1.8004999020085881,1.3966284795073118,1
0.2232979349146541,-1.2158969744055876,-1.3475929647935045,-0.3435194799042739,-0.45299645955371837,1.2522129097598176,1
0.42642828731811266,-2.0164838877832185,2.976675908635838,0.41634124428123853,0.4109934315659727,-1.0038910792188394,1
0.6973209048734149,0.20443598618548764,1.8200947949271842,0.27893758222438236,1.3257366415742684,-0.030570163417495192,1
0.5840173442401025,-3.366271697087244,-0.07664700148500325,0.3723741428655001,0.14307985805737555,-0.9343516085785111,0
0.7949212521631805,-0.8981749736847509,-1.3131202655292455,-1.8672280893361457,-1.2178437478406656,2.467203710812492,0
-0.6309497415621347,0.02607986749857516,1.228430987337921,1.7823802302225196,1.0761001851739562,0.768179564462847,1
1.3213332889324394,-1.297949616186652,-0.9871097782692572,-0.5857302479446798,0.7617723866014479,0.13575387991766508,0
1.0436844992907686,-2.241951533086523,-0.8464127327339395,-1.3546846966609833,-0.7443084324838388,0.6481372699075333,0
0.36526503799806664,1.1528823818570841,-0.26169806211414626,1.7515390856867197,2.752433315660626,-0.6809510758067541,1
1.1517400905960338,0.4194835771982369,-0.7037553183080324,1.0918876904402774,2.882727007271649,-1.0920457994509594,2
-0.04976402278897181,1.3445458163535142,-2.3090296320844725,-0.07164981510722868,0.2677921140513312,0.7797554962888209,2
-2.1904027523771568,-1.0575856156950518,-0.6755571080384432,0.12566392323647113,-3.1928278797081546,0.7607696419593537,1
0.9362532233887999,3.6540541908097577,-0.5171149244640528,-0.6226902957918905,1.752453079801778,0.8638798216688371,2
1.0846592340951964,2.379440035700144,-1.754390688759857,-0.5054761874336984,1.6768127422009271,-0.8469123283169792,2
1.1453020050224056,0.31885952373616533,0.3104373523304359,-0.5464981085192766,1.0763583203870757,-0.8442790185229957,2
-0.563277538409863,-1.8640080882024783,-0.3517872986988684,0.1650951414441706,-1.1782682914452587,-0.9923582864905137,0
0.4825900139981233,1.252199179456924,-1.2867991077956162,0.7145550621893034,1.8197323867045176,-0.044954586772383044,2
-1.849663168396843,1.0884505961762532,-0.36797069253105974,0.8325379256866862,-1.2883492631189182,0.4244730942479096,0
-0.6998298121506914,0.49663682643833784,-1.1224494323084666,-0.32611410037045574,-1.1572440091847738,-0.6349069197424152,0
0.746868102054563,-2.3532687953896607,-1.1712340801481753,0.022444302670982408,0.30147789415802606,0.25386120901458487,2
-0.9817698637588956,2.1238475720183123,1.081819586320845,0.819586436290229,0.2147025143855179,0.4049140989591295,0
-1.2555935764020447,-0.06455499407849752,-0.7917767076755214,0.11011277500420191,-1.6205470380772975,0.13110209068591813,0
0.3501477238875925,0.9487180314012592,-0.9472007920175409,0.8243163384749157,1.6633088126334914,-0.7573105136779609,2
-0.07472138310282578,0.16832058691181073,-1.072052551466986,-0.030107520230705065,-0.08598342276862692,-1.3260950590468563,0
0.8638845084331517,0.5316237080542581,-1.6621035683099021,-1.625360298871488,-0.4146563070996939,1.9436030481831703,0
1.4093831319675545,0.5302535903892793,0.15362682123301552,-0.4746316216350932,1.5807111373398923,0.7372913165470523,1
1.7725540308938852,-0.07116602402540495,-0.31096574080358863,-1.1566303826161377,1.1496524241771178,0.31170180213121856,2
3.3987107456548076,-0.9030011934985509,1.3662589685396043,-3.6809473440757756,0.3906035588534351,-0.3682252752410914,2
-0.9276275246630288,1.8709626632846292,0.41400221229879186,0.5779811810687676,-0.054323419777551285,0.18716402048616199,0
-3.427982721752738,1.2323244192884104,1.3105155128110262,2.2126235689852622,-1.9029516862369107,-0.05461267405809275,0
-2.005783979405788,1.4208892553012316,1.2187344084326468,2.0666210508307024,-0.05797005366200991,0.3786662342514116,0
0.8715300438375282,-0.7892567249309514,-1.6330159059667948,-0.4857146556973677,0.4122541525746968,0.060321914532972226,1
0.7937159987191993,-0.5285618524276567,-1.491503818565684,-2.3340620609461,-1.6084331567384575,0.025426702611634773,0
1.971681953967924,0.4173598031893482,-0.4505917031636242,-1.225159936713998,1.5006551342948806,-0.4177797974317798,2
1.7941812183411416,-1.8694235965010124,-1.2732041357651398,-2.317280796036113,-0.6430998548523219,0.7558549597599394,0
0.707406501336066,-1.3517274561313075,1.0539214581093739,0.039934287297606175,0.5896474727985979,1.036201832131722,1
-0.21722003982344473,-0.3947703787419503,0.3046682314167304,1.661183157175214,1.3748843622961453,1.68354649877845,1
-2.0502075052253566,1.5504310219761095,2.3548210266640384,1.2103050814767036,-0.9986385086760915,0.009931019733270987,0
2.1435543632657366,0.2795217923992612,-2.083820269713188,-2.9423254530051643,-0.16913467433800933,0.3254317585362977,0
2.5276053841358896,-1.2514584448583896,1.181440315590959,-2.2001230927637376,0.6895544116122561,-1.6477981083840352,1
-1.1580503710923695,1.319518508541675,-1.2644679418947216,1.0906824353757822,0.004873067623749727,0.12569982217698403,2
1.571049374871616,-2.2512704060679423,-1.827182145146753,-2.142115650000902,-0.8809225293315712,-0.6075263423464762,1
0.5324769206813045,-1.9521436393965272,-1.3623119040958582,-0.737771036467852,-0.687583056200906,1.3669904326788433,1
2.3759464902608927,2.490142904844965,-0.6205127211398329,-0.3172287270459164,3.684289768657383,-0.6693860527711348,2
-0.7128651913520991,-1.6266355571036382,-0.5657722351619939,-0.6164851132520301,-2.1533499656150648,0.13829868978581025,0
-2.8883894604865015,-0.478960782983197,1.850649268848076,2.5569640115898835,-1.3287435451972387,0.9674877492386388,0
1.100257064055545,-3.2833504265436972,1.3828479198668173,0.051707937275899285,0.5340016051528181,-0.8600133615785398,2
1.6785325562849238,-1.024637921029712,1.1811253350975242,-1.7413668769991961,0.09586654648246173,1.247811197916247,2
-0.5326685588186253,-2.6224580956355976,-0.19535283779145718,-0.043494972125918685,-1.5993377817504353,-0.621627174035903,0
2.2048552598399977,-1.858792111053124,3.805865789678968,-1.9764205016671257,0.3096158404573066,-0.48107355738448426,2
-0.7263001172787891,-0.8256973441748088,1.794692779114187,0.8461112822050061,-0.3309405861003929,-0.6989504394636011,1
2.61660418654591,-0.3243419187666401,-0.2833837131674093,-0.764424849542003,2.6475910215293026,1.688793913309905,1
-0.6146519761496395,1.2470108961237907,-1.426988897102521,-0.6320477772518798,-1.1368677911407499,0.5171968345390136,0
1.8390319948175096,-3.2110855287567617,-0.2063160294838211,-1.7630665437022337,-0.4002449371365011,0.8537246722572774,2
2.9912012093348412,-0.1360770011682786,2.853216917150377,-2.2163197358449778,1.6624950916939771,0.856450680015159,1
0.378367445761299,-1.0911057786679668,1.337783906754149,0.608235639677706,0.8368029752268472,-0.4731700706360385,1
-1.317485571907101,0.8787671129191115,-1.4694887043697809,0.9101506502021139,-0.5472801715335596,-0.5651736316059788,2
2.2490462832122904,-0.04764056877547995,1.3707274271790606,-1.7662470103489252,1.1563131549206602,-0.36536299077273116,2
1.7705742948553032,-2.8759411392907857,0.1675218412709717,-0.5172093672148603,0.9587820989381369,-0.16719614307235198,2
0.9231099017202171,-2.115643357162991,1.318929419710549,-0.18517018649057881,0.4024309207921386,-1.880443055124838,2
-0.6531786257040377,1.9208200399243838,0.3053122074433151,-0.22681095519000438,-0.5333856999422799,-0.817401811088721,0
-0.09591539364464308,-0.5387799399124771,-1.2461769723415252,2.0877738589926196,1.9502415409109104,-2.36396849425218,2
0.48703536400379766,-1.4397389545427224,-1.7512016252274767,-1.3521601140881567,-1.2540176573831356,-0.8386895237038932,1
3.4275374121467417,-2.0939068546248096,-3.240639410269947,-3.1117472735392147,0.6529218743807939,0.6546541629080077,1
-2.1230577875724403,-0.9177186821066359,-0.6314631320981707,2.322291996913723,-0.6836903737041908,0.937391149279786,2
-0.5861290365494847,1.1479735676840972,0.57589148493781,-0.2531195781609854,-0.7118065888776997,-0.18319134571712223,0
2.01505387465354,-0.24714728248550477,1.9192190217526703,-1.1539840475533936,1.4374069479980123,-1.3760422637893543,1
1.486789834252776,-2.2790253623341443,-1.2978629534760047,-3.170016901154159,-2.1131674419861133,1.3488294204391502,0
0.27125059068800317,1.667585140801504,1.4915551650290357,1.891156981689222,2.943246701787041,1.3343503259492993,2
-0.5222732207333323,2.9060386774665803,-2.06574718571563,-1.3175053199665958,-1.23260312601693,0.7312465066704062,0
1.0684236460170993,-1.3496868136248756,-1.3977499388215036,-2.66600554384471,-1.849054959562865,-0.8590879423640695,0
2.2659536510599825,-1.4444410371704284,1.270578489359183,-1.7352430561635572,0.7738815123548262,-0.7093787075578609,2
3.2950836581423006,-2.062602280869257,-1.4266460294572327,-2.6908843406754146,0.9434569400419736,0.7084210428945821,1
3.7151296861147776,0.44763887006032954,0.43216960748811595,-4.1424746299565,0.7449962057638608,-0.08922545291666428,2
1.4428125927790822,1.171423373095708,0.5494007156162848,-0.7912289645324193,1.48728042631075,0.7445840271996791,2
1.6204063072273156,0.2696954377129124,1.223018488858706,-1.7014032077249293,0.4662204605531918,-1.748381656140865,2
1.5959042725408563,-0.03337814809391226,-2.450500562871297,-1.272026956035223,0.7870550484771484,0.281735063829374,1
0.8288684143023233,0.20528054730129242,-0.6743307638664577,0.5091242708185957,1.7447230206787605,1.113948633215661,1
1.035841728675797,1.7853509238153022,-1.0308338609466792,0.9665561437623017,3.0165742454501445,0.354617568017944,2
2.646136183773448,-1.7450882448722675,0.9070488962465246,-2.038303120486617,0.8702854414463381,-1.0381691470869339,2
1.0630325419041204,-0.31397612346312864,-2.3281929881113097,1.162193969018161,2.600755920198856,0.8029239690806602,2
0.6451500434537624,1.3872465976066857,-0.8813628155725495,0.786962229196979,2.1641322752202803,0.33029086313314077,1
-0.3339113677470895,0.8082538393132482,-2.3948638714528943,0.6037846250388634,0.4403379289990146,-2.7610619661559896,2
1.7287861926609045,-1.507745264330726,-0.6379915544849784,1.8853660175427196,3.923657754322058,0.4107306632690933,2
-2.1217061674803626,1.216893487896925,-0.19184502044413332,1.7735623113576682,-0.602572493373621,0.6195664721781072,2
-0.3722431650718666,0.6682210099579217,-1.5905624790882882,0.299565477804664,0.01846862409784067,0.34869045175724583,2
0.7821902044995064,-0.3362254881790041,0.7454306548819759,0.056608475665812286,1.027570858894198,0.9167449190592203,1
0.0897704351079458,-0.06292287155409848,0.11105573432685789,1.4193234531192553,1.6366526650969326,0.8119403283952916,2
1.5987595485525454,-0.8087870025564696,-2.0652783844418385,-1.6259742947876277,0.1665922261335795,-0.8988131880349017,1
0.8592775349202564,0.23340768752120689,-2.1140204292406404,0.18036029758036254,1.4343336985085369,0.11068240565582617,2
-2.094609118877593,1.3952990642916565,1.311938742033585,1.36454335085976,-0.9454952252373026,1.455060582481769,0
1.8864932620568877,-1.4726233293885214,-3.583970895349607,-1.2422959813578862,0.759947920467452,0.18183903720506076,1
-1.80479266937991,1.5566838098354339,2.6972243238490834,1.1325956070531906,-0.7438550065644485,-1.0369510059749418,0
2.1682823667183717,-1.028027092123022,-2.106932659281682,-4.806029393446359,-2.559382504309162,0.8130736316294986,0
-2.4050589185039746,0.6659873330647785,1.7096993947566446,1.7434413080071458,-1.187970233200014,0.1130961378202375,0
2.3347848942139917,-0.08119720114150386,2.962176637296097,-2.1929438522495825,0.8082231940054595,-0.48037749098032195,2
-0.5425157198262613,1.09943193328981,-0.47269867381187547,1.0482290165758732,0.7342974677280002,0.34981234254886373,2
3.2239213511521787,-0.8888625351266621,-1.6440359613109055,1.214038712701813,5.4323875337533885,1.4617381335348938,2
-0.7968207946065461,-0.563169741563504,-0.7261470862414237,0.047449430025157335,-1.2175202182364289,-0.06154327388004871,0
3.32590045776989,0.1552116573672282,2.5132310756599168,-3.665466619561437,0.6446063200315995,0.9422381514973616,2
1.4101707750770451,-1.2300151544785818,-1.1302272012024823,-1.0266617369483693,0.4276353499721075,0.5198648520122691,0
-0.5094945535271125,-2.70332557577735,-0.3956338678298045,-1.1501431182895698,-2.789342459345237,0.18780254789108838,0
2.349257473895004,1.0968302950717947,-0.22614919395737032,-1.7672768540053425,1.6453322008852223,1.3668364606054457,2
0.0030895840448748046,-0.3995040614186103,0.8632430951311192,1.4056441291442727,1.4006411697297925,0.0695480877572431,1
1.975026827081225,0.06846034828001213,0.9082960680090523,-0.7708682611273212,1.8917364688311098,1.1714263477638722,1
0.01958115150684092,0.9104953581407492,0.4805237768995083,1.463312071702256,1.8953686351664194,-0.007515364270778083,2
-0.9149322682265583,-0.15037113226833032,-0.6233935622592859,1.9071200313931147,0.7600640308426492,-0.7670175269020002,2
-0.6437549622797643,-0.7439690312365196,-0.8350848287928111,-0.6172351986815063,-1.7835660590679563,0.7863127098804469,0
-0.28274368475412837,-3.481941628016873,0.2559355917868673,1.0781013297872897,-0.3142367647192059,-0.10910851765256904,0
-1.4210986781191708,2.4739567036606864,0.44321976234902527,1.1907384994363897,0.12263460647029922,0.3411273134397087,0
0.8425975398289307,-2.0630752782275503,0.7977483777435046,-0.18606943910214935,0.3058878122362343,0.6771597120657875,2
1.8355172086624894,0.8095650040883302,0.22083747016898703,-0.8911561497776535,1.8011561290863418,-0.3548073501842204,2
3.224838946327888,-0.14140395679987794,-0.5864641774812505,-1.66839777111419,2.5586328314619893,-2.407344206983942,1
1.9733836257418957,-0.9754657902978039,-1.3429991092891547,-1.2690476439025635,1.0146887627743197,0.21991715060593411,0
-0.10282629331376425,2.3091224085207056,-1.1645951917474484,0.6495632172950616,1.2817671305926042,0.7260034325676684,2
0.6956482333787913,0.9056288951770015,-1.6284359428333923,-1.1287134566342685,0.009504230399802083,0.3712128680568303,0
1.4835807344003815,-0.8277435761949309,1.9152015746193198,-0.9802535583780343,0.7163306341104604,-0.5937953222563245,2
1.6639414436152538,-0.955862124075156,0.9655688220687135,-0.7071566106136197,1.2139265135201778,-0.588038578458875,2
2.018111420968296,0.9983209323029252,1.1899254680631586,-0.906287698075011,2.0974397406865783,1.3851489252123237,2
1.16880461854231,0.5008201913458161,0.53167006108354,0.09075955410190162,1.8549108120119855,-0.5034210533268308,1
-1.001170326563759,-2.308999401653367,1.6607680020052435,0.06571409026698727,-2.0160164989861684,0.3495949993602971,1
1.2582519688634033,-0.8469845647884506,2.8909358984984106,-1.2846126072919106,0.07732674927329442,-0.45973073137422704,2
1.7964439649760393,-0.012541305001103287,-1.7603177604606075,-2.055916402893203,0.223562881908276,1.565171932528877,0
-0.8446202189171441,-0.4467311966183063,-1.7100841978971075,1.3196308322031083,0.12419455635198773,0.37427818048114503,2
1.959241369023354,0.5275940319604338,-0.18907753500348456,-1.4599104173763304,1.2656917665606944,0.666166065471662,2
0.6393063139262872,0.07130041538062692,0.3976944801692339,-0.09327895794580088,0.796974746369665,2.2567513964341175,1
1.218479614358474,-1.6843836019443237,1.2795130567419388,-0.7145253244676293,0.3695587857384839,0.29785609420602127,1
2.58622687133502,-1.1612085663237806,0.4808931990928823,-2.3717125728717248,0.6099159310135553,-0.37617660278168846,2
